{
    "Name": "Kartal_VTL5",
    "Number_of_nodes": 13,
    "Vehicle_capacity": 1465,
    "Total_supply_at_depot": 21983.0,
    "Maximum_tour_limit": 16824,
    "Number_of_vehicles": 3,
    "Total_travel_time_epsilon": 42901.0,
    "Gamma": 1.0,
    "Shortest_distances": {
        "(7, 3)": 2542.8075504720055,
        "(6, 9)": 2433.812442830108,
        "(12, 1)": 4859.388474215267,
        "(7, 12)": 4555.117796847942,
        "(0, 7)": 4130.737653920748,
        "(1, 6)": 4263.567606714877,
        "(0, 10)": 847.7397316120862,
        "(3, 7)": 2542.8075504720055,
        "(2, 5)": 2727.8018803240216,
        "(1, 11)": 3099.3622651809847,
        "(8, 5)": 2025.2837595653352,
        "(5, 8)": 2025.2837595653352,
        "(4, 0)": 5032.211616314014,
        "(10, 8)": 2560.1396580483843,
        "(9, 0)": 3135.9881576694047,
        "(6, 7)": 5287.8041246574785,
        "(11, 5)": 4437.961053520024,
        "(10, 7)": 4169.038668209627,
        "(7, 6)": 5287.8041246574785,
        "(6, 10)": 3279.6702844702345,
        "(12, 6)": 5123.507022997766,
        "(0, 4)": 5032.211616314014,
        "(4, 10)": 4521.515012708532,
        "(3, 2)": 2486.9634795165925,
        "(2, 6)": 2501.7259673415992,
        "(8, 2)": 3258.3438895729937,
        "(5, 11)": 4437.961053520024,
        "(4, 5)": 3356.9193303055317,
        "(9, 3)": 6138.668543576199,
        "(6, 0)": 4119.469652712476,
        "(11, 0)": 1156.8206755110264,
        "(7, 5)": 5491.678684500653,
        "(12, 11)": 1775.2262758655268,
        "(0, 1)": 4188.208696148733,
        "(3, 12)": 6129.766289171867,
        "(1, 12)": 4859.388474215267,
        "(8, 12)": 4263.621632481113,
        "(3, 1)": 1406.186424433687,
        "(2, 11)": 2375.439519778614,
        "(7, 8)": 5869.985667815175,
        "(12, 8)": 4263.621632481113,
        "(3, 11)": 4354.586448223858,
        "(2, 1)": 1866.9879886502501,
        "(8, 9)": 780.4799558346386,
        "(4, 12)": 5901.116633179313,
        "(2, 12)": 4033.6368160461734,
        "(9, 4)": 5351.643021694281,
        "(5, 1)": 4403.875516652886,
        "(10, 3)": 4983.9516123273615,
        "(7, 2)": 2787.063013470185,
        "(12, 2)": 4033.6368160461734,
        "(11, 10)": 1380.8649779967254,
        "(1, 5)": 4403.875516652886,
        "(0, 11)": 1156.8206755110264,
        "(3, 6)": 4330.61608906047,
        "(1, 10)": 3960.5096415992994,
        "(8, 6)": 1659.1854645066671,
        "(4, 1)": 1786.4539386352776,
        "(10, 9)": 2430.33802365806,
        "(9, 7)": 6178.595248968022,
        "(6, 4)": 3388.6183894820665,
        "(5, 4)": 3356.9193303055317,
        "(11, 4)": 4161.241121014582,
        "(10, 4)": 4521.515012708532,
        "(7, 1)": 1300.6949422887785,
        "(6, 11)": 4052.972975168361,
        "(12, 7)": 4555.117796847942,
        "(11, 9)": 3768.8168729314366,
        "(0, 5)": 4547.575294336263,
        "(1, 0)": 4188.208696148733,
        "(0, 8)": 3364.916725116513,
        "(4, 11)": 4161.241121014582,
        "(3, 5)": 4329.805931139663,
        "(2, 7)": 2787.063013470185,
        "(8, 3)": 5558.7874303716135,
        "(5, 10)": 3710.909382945306,
        "(4, 6)": 3388.6183894820665,
        "(9, 2)": 3737.2563934835507,
        "(6, 1)": 4263.567606714877,
        "(5, 7)": 5491.678684500653,
        "(11, 3)": 4354.586448223858,
        "(7, 4)": 3082.4879934954615,
        "(12, 4)": 5901.116633179313,
        "(0, 2)": 3118.340470819541,
        "(1, 3)": 1406.186424433687,
        "(4, 8)": 4719.766954623932,
        "(3, 0)": 5362.11376047268,
        "(2, 8)": 3258.3438895729937,
        "(9, 8)": 780.4799558346386,
        "(8, 0)": 3364.916725116513,
        "(6, 2)": 2501.7259673415992,
        "(7, 11)": 2974.217840670421,
        "(12, 9)": 3924.3299765112524,
        "(3, 10)": 4983.9516123273615,
        "(8, 10)": 2560.1396580483843,
        "(9, 11)": 3768.8168729314366,
        "(5, 0)": 4547.575294336263,
        "(10, 0)": 847.7397316120862,
        "(12, 3)": 6129.766289171867,
        "(1, 4)": 1786.4539386352776,
        "(0, 12)": 1012.4984140285403,
        "(3, 9)": 6138.668543576199,
        "(2, 3)": 2486.9634795165925,
        "(1, 9)": 5563.682684652536,
        "(8, 7)": 5869.985667815175,
        "(4, 2)": 1941.1826117289083,
        "(9, 6)": 2433.812442830108,
        "(6, 5)": 440.43132824782987,
        "(5, 3)": 4329.805931139663,
        "(11, 7)": 2974.217840670421,
        "(10, 5)": 3710.909382945306,
        "(7, 0)": 4130.737653920748,
        "(6, 8)": 1659.1854645066671,
        "(12, 0)": 1012.4984140285403,
        "(11, 8)": 3770.1166497243903,
        "(0, 6)": 4119.469652712476,
        "(1, 7)": 1300.6949422887785,
        "(0, 9)": 3135.9881576694047,
        "(3, 4)": 995.8292088555611,
        "(2, 4)": 1941.1826117289083,
        "(9, 12)": 3924.3299765112524,
        "(8, 4)": 4719.766954623932,
        "(5, 9)": 2805.701328498478,
        "(4, 7)": 3082.4879934954615,
        "(10, 11)": 1380.8649779967254,
        "(9, 1)": 5563.682684652536,
        "(5, 6)": 440.43132824782987,
        "(11, 2)": 2375.439519778614,
        "(10, 6)": 3279.6702844702345,
        "(12, 5)": 5554.069938047945,
        "(0, 3)": 5362.11376047268,
        "(1, 2)": 1866.9879886502501,
        "(4, 9)": 5351.643021694281,
        "(2, 9)": 3737.2563934835507,
        "(8, 1)": 5121.660549324067,
        "(5, 12)": 5554.069938047945,
        "(10, 12)": 1843.8794307935339,
        "(6, 3)": 4330.61608906047,
        "(11, 1)": 3099.3622651809847,
        "(7, 10)": 4169.038668209627,
        "(12, 10)": 1843.8794307935339,
        "(8, 11)": 3770.1166497243903,
        "(2, 10)": 2580.5064905112076,
        "(9, 10)": 2430.33802365806,
        "(10, 1)": 3960.5096415992994,
        "(6, 12)": 5123.507022997766,
        "(11, 12)": 1775.2262758655268,
        "(7, 9)": 6178.595248968022,
        "(3, 8)": 5558.7874303716135,
        "(2, 0)": 3118.340470819541,
        "(1, 8)": 5121.660549324067,
        "(4, 3)": 995.8292088555611,
        "(9, 5)": 2805.701328498478,
        "(5, 2)": 2727.8018803240216,
        "(11, 6)": 4052.972975168361,
        "(10, 2)": 2580.5064905112076,
        "(0, 14)": 0,
        "(1, 14)": 0,
        "(2, 14)": 0,
        "(3, 14)": 0,
        "(4, 14)": 0,
        "(5, 14)": 0,
        "(6, 14)": 0,
        "(7, 14)": 0,
        "(8, 14)": 0,
        "(9, 14)": 0,
        "(10, 14)": 0,
        "(11, 14)": 0,
        "(12, 14)": 0
    },
    "Node_info": {
        "0": {
            "demand": 0,
            "coordinates": [
                0.0,
                0.0
            ]
        },
        "1": {
            "demand": 329.0,
            "coordinates": [
                -5175.52516080007,
                -1457.706872078
            ]
        },
        "2": {
            "demand": 10575.0,
            "coordinates": [
                -4097.98726619989,
                224.72727610467
            ]
        },
        "3": {
            "demand": 978.0,
            "coordinates": [
                -6937.09516080002,
                -1020.21534207756
            ]
        },
        "4": {
            "demand": 295.0,
            "coordinates": [
                -6630.07142520008,
                -49.68640287424
            ]
        },
        "5": {
            "demand": 129.0,
            "coordinates": [
                -4585.00516079994,
                2933.90657792224
            ]
        },
        "6": {
            "demand": 798.0,
            "coordinates": [
                -4068.85516080016,
                2732.41556792236
            ]
        },
        "7": {
            "demand": 536.0,
            "coordinates": [
                -4272.39401819988,
                -2565.92398051085
            ]
        },
        "8": {
            "demand": 177.0,
            "coordinates": [
                -1921.22716080007,
                3039.77284892231
            ]
        },